feature,mean_importance
Conductivity,-0.00041748801346479513
Trihalomethanes,-0.00022592056581747234
Turbidity,0.0002041538116825281
Solids,0.0014019190295832206
Organic_carbon,0.0019207659427884715
Hardness,0.002086203036712164
ph,0.004896231127434758
Chloramines,0.006647366771179964
Sulfate,0.00926866119590406
